pool_address,pool_name,token0,token1
0xf57f03c80c50d9017098c1ae696fb5e28721f9e0,HYPERMATIC-WONE,0x995ad353a351ff3679a9baa56cded78970205c03,0xcf664087a5bb0237a0bad6742852ec6c8d69a27a
0xa05ab54fa558f19a979ea393226e758c8f1036f5,DUST-WONE,0xbd58c54657cd753eee336f7ed7cb57567704cd48,0xcf664087a5bb0237a0bad6742852ec6c8d69a27a
0x99846d15b7a56814e6db15acce11c1bfc38428d8,BAKA-WONE,0x52f993b6b044395f2c051b5b8b83cd672914c8ce,0xcf664087a5bb0237a0bad6742852ec6c8d69a27a
0x388b83c4e32f29d4e83f7d17241a742986e47dd2,JENM-WONE,0xa21f8d72cc93bff88f13cf19e930c299a24abc6c,0xcf664087a5bb0237a0bad6742852ec6c8d69a27a
0xe8bccb8fef6f62d8227b99b3d78f4dff50dc2e26,WONE-CT,0xcf664087a5bb0237a0bad6742852ec6c8d69a27a,0xd8b514dcfbade9def4fdb6c7723075692175c556
0xa0e4f1f65e80a7afb07cb43956dc8b91c7dbc640,bscUSDC-1USDC,0x44ced87b9f1492bf2dcf5c16004832569f7f6cba,0x985458e523db3d53125813ed68c274899e9dfab4
0x08916eb83cf16ef5e59cb8311d05c02f1b7a6a24,C-WONE,0xb0624c296e08fce220df807ae46248e7b9619bc9,0xcf664087a5bb0237a0bad6742852ec6c8d69a27a
0x2ef8a1a738f291c1c490e08e600e6b267522efb8,HARSHIB-WONE,0xbe0e8e57eee70fb67825228f7b181e64e7e6bf67,0xcf664087a5bb0237a0bad6742852ec6c8d69a27a
0x82b38c0bf21340f8829efffba3e7ebec949a4a4b,HarDoge-WONE,0x0028e0d3327a9f2f00340ee9695cfdb942e2caa1,0xcf664087a5bb0237a0bad6742852ec6c8d69a27a
0x0a19b6bdd0827f4b05f5b2db6e935699ddf63798,$HSHIBA-WONE,0x0f4dc17d6c558e65b8e153856a60e851f36b251c,0xcf664087a5bb0237a0bad6742852ec6c8d69a27a
0x6486535b7b05d6062bd06525bd5e295bdc913fcf,SMUG-WONE,0x44afdbe2cb42cc18759159f7e383afb0ca8e57ad,0xcf664087a5bb0237a0bad6742852ec6c8d69a27a
0xe62d93beb88e6b769e846b00bad6ae8e8914b617,onedoge-WONE,0x976a496587481ff63fccd8ee055dda2e516ac446,0xcf664087a5bb0237a0bad6742852ec6c8d69a27a
0xbc94460211623aed189a9138df05c54681f48580,GNZ-WONE,0xa5fa781cc7af1db51cbab9ccee2da8b69588d1eb,0xcf664087a5bb0237a0bad6742852ec6c8d69a27a
0xd779a76ebf246204f17db219a22064e2788705f9,test-WONE,0x5c5edd1660ca9e9f1e382f005d6e838eb506769a,0xcf664087a5bb0237a0bad6742852ec6c8d69a27a
0x5745b77945a3dd8052236d389e9bbd9a76fa66c8,test-WONE,0x24879e053d037d85fa5277381186f18a2e3aae26,0xcf664087a5bb0237a0bad6742852ec6c8d69a27a
0x8fd44a4fb89e26a97b0edf99535236d415d03e50,CSHARE-WONE,0x3cb98cacd44ee77eb35e99eb74ace91bf550c964,0xcf664087a5bb0237a0bad6742852ec6c8d69a27a
0x2a01713dd9c1bf5115fcd36c553f71dee1014749,test1-WONE,0x2b3ada60934305cf1d9d4e54df8b7cea481afdba,0xcf664087a5bb0237a0bad6742852ec6c8d69a27a
0x4ada143dedd185ed8254e87dec7f3927b9c74a8f,OneMoon-WONE,0xce03e467a18db1ab8345992867f4dc5b46bf6bf2,0xcf664087a5bb0237a0bad6742852ec6c8d69a27a
0xd447cbf81679539fa235f804589367be108fd884,HF-WONE,0xb7e082c00e11e2852af21c4493fa30f29041a920,0xcf664087a5bb0237a0bad6742852ec6c8d69a27a
0x4e27e18e9f390404e0ea23efabe53de596664368,HCHEEMS-WONE,0x4512989c63566a6de7c433b63819d3fcaecabefe,0xcf664087a5bb0237a0bad6742852ec6c8d69a27a
0xbd645fdff10d399e6fb0b3aac9f9ca86e14578b3,HAPES-WONE,0xa36c6255478cfc643c76276686ccbe850d19a2cd,0xcf664087a5bb0237a0bad6742852ec6c8d69a27a
0xe0a4298d7d3504046f58aeb4bf0f68ac5b27bdfc,BAKA-WONE,0x54eba1bd52da92ad5d125de12b174037f987dbc3,0xcf664087a5bb0237a0bad6742852ec6c8d69a27a
0x92711504b415ac0c4d53b1c38b6314e118a9e3ba,COINK-XYA,0x4970417a897cc7ae812b9b8db34bb44833c26739,0x9b68bf4bf89c115c721105eaf6bd5164afcc51e4
0x735ff191013c6c6a93b75d6bb29c93a1717e0968,MAN-WONE,0x0769cbeaab0c4fc37acfafba64f525ea2b2d7369,0xcf664087a5bb0237a0bad6742852ec6c8d69a27a
0x0207097f60c0dc7e09f234e6aae0cb5d2264954d,TEST99-WONE,0x8663880ad91a1fdcfcebccbee9ebaeaa92a0a4d3,0xcf664087a5bb0237a0bad6742852ec6c8d69a27a
0xe4bba91fd2538040490aa1cbf742b927eff0e20b,BABYJEWEL-WONE,0xabaed82fe5380db3f946cc9b8c124eb30bbda8a1,0xcf664087a5bb0237a0bad6742852ec6c8d69a27a
0x781047691aa067d907d68419f39d94975ba39c91,KIBA-WONE,0x60b4568120471bbff3dec520ba6609def89001c3,0xcf664087a5bb0237a0bad6742852ec6c8d69a27a
0x7a999d321b925681653d233b77edb4e1d79db2af,WONE-FDAO,0xcf664087a5bb0237a0bad6742852ec6c8d69a27a,0xea658c43d515353c032fd7f2b40cf181b0adb21c
0x6372d14d29f07173f4e51bb664a4342b4a4da9e8,WONE-USHARE,0xcf664087a5bb0237a0bad6742852ec6c8d69a27a,0xd0105cff72a89f6ff0bd47e1209bf4bdfb9dea8a
0xe7da7cdbf55fe51ade5b5d44bccd1958dd4e88fe,KURO-WONE,0x3e018675c0ef63eb361b9ef4bfea3a3294c74c7b,0xcf664087a5bb0237a0bad6742852ec6c8d69a27a
0xc24a3fefd74163b90f749b72118f7f8f5556ad07,IKURA-WONE,0x40d2f81bd135b5282cb2aa18f19cf7098079d012,0xcf664087a5bb0237a0bad6742852ec6c8d69a27a
0x1e77990977bd723f4bfaefea68bf372462683fa2,1ETH-WONE,0x6983d1e6def3690c4d616b13597a09e6193ea013,0xcf664087a5bb0237a0bad6742852ec6c8d69a27a
0x9d2711b6894fae2ad6a9691da5cd1c27d3d3a3b6,OneDoge-WONE,0x1e6fd2595c6ef318f8b62d7698f69e23c7a80779,0xcf664087a5bb0237a0bad6742852ec6c8d69a27a
0xe04804c9f750b305d50cbf8cd4974afd512464c4,POPO-WONE,0x563446b1311a84eda7fcea18afd7a49eb51997f6,0xcf664087a5bb0237a0bad6742852ec6c8d69a27a
0x60e03fab5c617b6bf6438a4422d3df50ae93206e,WONE-test,0xcf664087a5bb0237a0bad6742852ec6c8d69a27a,0xe3ccd8de506a63ef891bfe4e4a707ce15fc2c7c4
0xb1a076651476b6942ac0d252d3bf51e7646505f7,WONE-PLTS,0xcf664087a5bb0237a0bad6742852ec6c8d69a27a,0xd32858211fcefd0be0dd3fd6d069c3e821e0aef3
0xddf56c9eb4cef61423b274cb9607742d6b420008,BPIGGY-WONE,0x07189ba29febdf88e9c03c8cce976f6b66253e1f,0xcf664087a5bb0237a0bad6742852ec6c8d69a27a
0x4f2856f2994651ffbca5e0b9c128d34df46dded5,WONE-HAR,0xcf664087a5bb0237a0bad6742852ec6c8d69a27a,0xeabd7fe89e6f95c4e16c3dccbc8acdf3fe6e35d8
0x335e5440a564e5f9ac80db295d769ed8dedd0210,HarTest-WONE,0x49157da5f70e9ff13b6ba20a31ac5cdecd8e5302,0xcf664087a5bb0237a0bad6742852ec6c8d69a27a
0x4db87db6eadb02c5612eb4cf522d8188fb80a9ad,WONE-ROY,0xcf664087a5bb0237a0bad6742852ec6c8d69a27a,0xfe1b516a7297eb03229a8b5afad80703911e81cb
0x902737d2643fb1445b3b4188ec15e6dd6c3f8ce7,LUNA-WONE,0x95ce547d730519a90def30d647f37d9e5359b6ae,0xcf664087a5bb0237a0bad6742852ec6c8d69a27a
0x8fafb20266e8579d4e8952978a9cd0e4c65bd198,MOONI-WONE,0x8d4f19bec883ba20f4f295706c53f760cd0bc2b0,0xcf664087a5bb0237a0bad6742852ec6c8d69a27a
0xe46d04bbda016d15011104b402acafcad2a263fe,IMRTL-WONE,0x550d9923693998a6fe20801abe3f1a78e0d75089,0xcf664087a5bb0237a0bad6742852ec6c8d69a27a
0x4ce590ed844401f2a92df4cd0dad5cbd7d74becb,HFLOKI-WONE,0x4ae27a7ac30d646e4499dd3b0bf113605d8a304a,0xcf664087a5bb0237a0bad6742852ec6c8d69a27a
0x0faa23598f44d5e5109bb064e95f637c4d722147,1USDT-WONE,0x3c2b8be99c50593081eaa2a724f0b8285f5aba8f,0xcf664087a5bb0237a0bad6742852ec6c8d69a27a
0x151c9f64602e6212107fa44a28deab405b0db7fe,SFT-WONE,0x2df34eab18b457b8b077251a534373f3ea9984d9,0xcf664087a5bb0237a0bad6742852ec6c8d69a27a
0x0b41499091d5e360441cd2d18e9e5112681d4ea3,YEET-WONE,0x751fe1495f77bc80f625420d6b9a7536f9fd7a78,0xcf664087a5bb0237a0bad6742852ec6c8d69a27a
0x68ff65b220ea55d8fdc431a0a7687486ba419dcb,MNHENTAI-WONE,0x7fa8225f1a548651aca2a0139cbd0d20a0777d5a,0xcf664087a5bb0237a0bad6742852ec6c8d69a27a
0x0c3558905c2d4a0d66dce00b5d417e40e63054f7,BABYBOO-WONE,0x0e0094b37bae95f6189677b0a03eb0af342a9638,0xcf664087a5bb0237a0bad6742852ec6c8d69a27a
0x632b4dd2eadd274e2d2181e5ecc74666f1741b2a,MONE-WONE,0x106b65d9ac9087b6aa26fcabc77c3548765f01b8,0xcf664087a5bb0237a0bad6742852ec6c8d69a27a
0xb468850d74763d15ff7373df7df837b45f9e4f42,test-WONE,0x04402324624c33ad61a92a27183f356e344f882d,0xcf664087a5bb0237a0bad6742852ec6c8d69a27a
0x529be44dc5379ce49cd91141740f6b11d9246757,WONE-APE,0xcf664087a5bb0237a0bad6742852ec6c8d69a27a,0xd3a50c0dce15c12fe64941ffd2b864e887c9b9e1
0xb0990c4f8bcba2d854308f47f9e4e73d5d8793ea,WONE-CREDIT,0xcf664087a5bb0237a0bad6742852ec6c8d69a27a,0xdfb01a88d1e6099b42c9bae38f8070027143b850
0xc9032acfab151bc4c76e50f5676ce832d784245f,rfAVAX-WONE,0x7ba36d67023e3a7e3ec5416cbc6b0b078d2b53c7,0xcf664087a5bb0237a0bad6742852ec6c8d69a27a
0x65ca022352c105f7107bf9b6227d3de97ed73e11,WTREATS-WONE,0xbbca403c20ad0932d0509af0132897a25ab1ebe0,0xcf664087a5bb0237a0bad6742852ec6c8d69a27a
0x54c59cc0ad2ec1de3c5b7057d900d306f16453ef,IRIS-WONE,0x85fd5f8dbd0c9ef1806e6c7d4b787d438621c1dc,0xcf664087a5bb0237a0bad6742852ec6c8d69a27a
0x896e55aa543f784073a36baf14ef02aeb4e39819,FREAK-WONE,0xc24e8311fab9d27aa21551c24504ceb3e6a37165,0xcf664087a5bb0237a0bad6742852ec6c8d69a27a
0x3f36dd8845ecb3a80f42cc175853770a6936256e,DMT-WONE,0x39ca3925723ebdb5ae5eba021a2fcb9a1081334a,0xcf664087a5bb0237a0bad6742852ec6c8d69a27a
0x5985b0e3302ae7adac2e4c793b5c3e47e1287065,LONE-WONE,0x91acbfc784c73777d8013db48afc2d698a4ae751,0xcf664087a5bb0237a0bad6742852ec6c8d69a27a
0x26e818bfbc31046aba0ce0083b1ca77c6002c1ec,WONE-HORMO,0xcf664087a5bb0237a0bad6742852ec6c8d69a27a,0xf6f5ae56f971cea02a71becabe506eedfbcc98ee
0x4cd2e9796f9bb9fedf6c972c7f7adabc3b31500c,TigerONE-WONE,0xa7d832123870dc118182ab71a0172022c4b3952e,0xcf664087a5bb0237a0bad6742852ec6c8d69a27a
0x1e9b02a076bb935a8e03daa1c37a24ccdead1c30,MoonS-WONE,0x29957b322a9221ca53c8f0d9a7f9eb9954a6cf6e,0xcf664087a5bb0237a0bad6742852ec6c8d69a27a
0x52b9449a26357f893257901341253b89d6ca0c4a,WONE-xVIPER,0xcf664087a5bb0237a0bad6742852ec6c8d69a27a,0xe064a68994e9380250cfee3e8c0e2ac5c0924548
0x31da40403be45fe7fa601c458bd32982d59e453e,MMO-WONE,0x5c234f74e4fe8dcb3794dac0006b3b85c1aa528a,0xcf664087a5bb0237a0bad6742852ec6c8d69a27a
0x5870454a86641531f393c5bb446eb8cba31c06ff,WONE-MIS,0xcf664087a5bb0237a0bad6742852ec6c8d69a27a,0xd74433b187cf0ba998ad9be3486b929c76815215
0xa584915912581a64af1ea54ea5c4104019c8a28f,RUG-WONE,0xab7f82b94c04079818a92f9a3758f8c9877cc3c7,0xcf664087a5bb0237a0bad6742852ec6c8d69a27a
0xc4c61aab1cac51846df0befb904180999bb248b3,WONE-LUNABOMB,0xcf664087a5bb0237a0bad6742852ec6c8d69a27a,0xd2c2b34f21d41ee86972503a95e0985048b8a1be
0x75d95a5602e0d5da9c8d71d5bb6afc2f45ec37e9,COSMIC-WONE,0x6008c8769bfacd92251ba838382e7e5637c7e74d,0xcf664087a5bb0237a0bad6742852ec6c8d69a27a
0xcfb7b49ecd9fb3623ff3f2496c7bc8c15e3c1d06,WONE-test,0xcf664087a5bb0237a0bad6742852ec6c8d69a27a,0xd57b6fe54dd280dbd9fd710eb6a15efcf53812b4
0x7f0b578f45789b374bbd514f4a4542107b39b37c,GAME-WONE,0x491614c6d1a7cc8b0a3ed0bbdecd35a0110c11e6,0xcf664087a5bb0237a0bad6742852ec6c8d69a27a
0x29c1e9fc7a4c19c8fcaf2d2b2de213ef0f323f0c,WAGMI-WONE,0x0dc78c79b4eb080ead5c1d16559225a46b580694,0xcf664087a5bb0237a0bad6742852ec6c8d69a27a
0xf1a380ab04cc9ceaef5b5aaff5879a169d05f139,test-WONE,0x0aa0c4121542198cd90d111d1d9a42cbcfac4687,0xcf664087a5bb0237a0bad6742852ec6c8d69a27a
0x170d6e9eb6c8adb920ac75ffeee2831dec3839d1,test-WONE,0x7d91b75bbe833d72533b3703de52fdd39e8eb790,0xcf664087a5bb0237a0bad6742852ec6c8d69a27a
0x1be7e6d9d048b0aef3d174646b839d0b254faab8,INK-WONE,0x32975907733f93305be28e2bfd123666b7a9c863,0xcf664087a5bb0237a0bad6742852ec6c8d69a27a
0x8fcfc4a406d898a597e15f26241670ffadc85377,ONEUSD-WONE,0xc1873199284b4490a4aacbe7cd6710dc6aa95e08,0xcf664087a5bb0237a0bad6742852ec6c8d69a27a
0xe0c74f3a50cb444535b701b374cd094e585dd196,bscBUSD-COINK,0x0ab43550a6915f9f67d0c454c2e90385e6497eaa,0x4970417a897cc7ae812b9b8db34bb44833c26739
0x1beb996786bc9e806af719cbedc311e5f34c82f7,WONE-B3,0xcf664087a5bb0237a0bad6742852ec6c8d69a27a,0xfda479630f8f515dd70e1b5cf24ba5c2a6a303ec
0xd302166217cd90d398ffd7ba75e51dd99fe66fde,oSWAP-WONE,0xc0431ddcc0d213bf27ececa8c2362c0d0208c6dc,0xcf664087a5bb0237a0bad6742852ec6c8d69a27a
0xa0377f9fd3de5dfefec34ae4807e9f2b9c56d534,UNITE-WONE,0xb4441013ea8aa3a9e35c5aca2b037e577948c59e,0xcf664087a5bb0237a0bad6742852ec6c8d69a27a
0x40004ffb0323deaca53290235706c39ddb16d23b,bscBNB-WONE,0xb1f6e61e1e113625593a22fa6aa94f8052bc39e0,0xcf664087a5bb0237a0bad6742852ec6c8d69a27a
0x082e3bc57ae5a401a4f16ce85cabb5c6efc57cf2,COINK-WONE,0x4970417a897cc7ae812b9b8db34bb44833c26739,0xcf664087a5bb0237a0bad6742852ec6c8d69a27a
0xb07406df5f821f319f8ad4f8005082cc56e1cb61,Supra-WONE,0x016e5f3ca1324db45cceb4fa1cf6323f9d9de407,0xcf664087a5bb0237a0bad6742852ec6c8d69a27a
0x06a45594314d029d492a32beb7468cc6f5efff06,INSIG-WONE,0x140320a14b1422ca36b45a41c46ec8179298ceb5,0xcf664087a5bb0237a0bad6742852ec6c8d69a27a
0x1485a496f816f940c510d634e48f8c66b78dc99e,XYA-WONE,0x9b68bf4bf89c115c721105eaf6bd5164afcc51e4,0xcf664087a5bb0237a0bad6742852ec6c8d69a27a
0xc438201ab55da95c5a7f6e553eb1c175bd83bea7,SPOOKY-WONE,0x7b5f4ad43c414a9c85a581b77869e2855a203f12,0xcf664087a5bb0237a0bad6742852ec6c8d69a27a
0x56ece57dacc7fa996139a804c24c563d7de0b376,stONE-WONE,0x22d62b19b7039333ad773b7185bb61294f3adc19,0xcf664087a5bb0237a0bad6742852ec6c8d69a27a
0x2cde24e8cc0dceee41b7827ddb032c8b4d0c22cd,WONE-$HOGE,0xcf664087a5bb0237a0bad6742852ec6c8d69a27a,0xd2d6ac22d9320d8efdf139d45816143fd751bdfd
0x8b3744f1915014bb0d74e45611e12e84cddef1f1,ELON-WONE,0x98b5dc5d829d9cdda72fdbe6eeb1b3143dabe6ae,0xcf664087a5bb0237a0bad6742852ec6c8d69a27a
0x043aec3c10f3c64cf1f5d19c0be3c67523149bee,WONE-SHIBNY,0xcf664087a5bb0237a0bad6742852ec6c8d69a27a,0xe1af8330097ba9a65e5b0cf417126583715b0afc
0x5b0c920d78838d7f29e3972c885c4065ab9eccb2,1MATIC-WONE,0x301259f392b551ca8c592c9f676fcd2f9a0a84c5,0xcf664087a5bb0237a0bad6742852ec6c8d69a27a
0x96f7a164a81574708b593613ce08ded7474ca6e2,fRENT-WONE,0x52274a3af646153fab00b8605e1f6f7072ce71f3,0xcf664087a5bb0237a0bad6742852ec6c8d69a27a
0x6bc845233b0f0ebdfbfff48ec36a1e02e7c75379,GOLDI-WONE,0x1822b13c6ac537e056d7b20e219dd966cde7b072,0xcf664087a5bb0237a0bad6742852ec6c8d69a27a
0xfd4000cd21b4a70f55b2b42b1edc9a99794d173d,testUST-WONE,0xa9c36cee4ab08a7bea787d7a4420e58d343fecc8,0xcf664087a5bb0237a0bad6742852ec6c8d69a27a
0xff2d7d3ad10a9b788e1287d20cef6b1dae76ff3c,BLK-WONE,0xcce17f332a5bc13b3015f809b6782f9e415d741c,0xcf664087a5bb0237a0bad6742852ec6c8d69a27a
0x0f76365f52ce04470a81a8b645a0b3f7b0a0f09a,1PEGG-WONE,0xc36769dfcdf05b2949f206fc34c8870707d33c89,0xcf664087a5bb0237a0bad6742852ec6c8d69a27a
0x66bb961d88b69f04736001b598cab35c3725e3a8,1USDC-1PEGG,0x985458e523db3d53125813ed68c274899e9dfab4,0xc36769dfcdf05b2949f206fc34c8870707d33c89
0x6574026db45ba8d49529145080489c3da71a82df,UST-WONE,0x224e64ec1bdce3870a6a6c777edd450454068fec,0xcf664087a5bb0237a0bad6742852ec6c8d69a27a
0xf2d9e493a280545699e3c07aee22eae9ef24ddb7,COMFY-WONE,0x702f78e81cf3dfae89648b5a9e2e1aa8db1de546,0xcf664087a5bb0237a0bad6742852ec6c8d69a27a
0x4af68ad33eb03960ce146d4ecfba8f583d4a7ad8,WONE-BUSD,0xcf664087a5bb0237a0bad6742852ec6c8d69a27a,0xe176ebe47d621b984a73036b9da5d834411ef734
0xd6c5b67a1989ba893f68c1f17fc6ac15a5c893a8,USE-WONE,0x3485d4c9e7a7717466b3276fbf3311ad3c1be7af,0xcf664087a5bb0237a0bad6742852ec6c8d69a27a
0x44bd5745f17fb793c9ace14e25eb34ac7aaf1a6e,CGS-WONE,0x6cc35220349c444c39b8e26b359757739aaec952,0xcf664087a5bb0237a0bad6742852ec6c8d69a27a
0x259c0e3e7ef99f96a2619be3cd1bd97ea06fb1c9,USE-WONE,0xc58b8dacb091635a573459973db6fc79158d688f,0xcf664087a5bb0237a0bad6742852ec6c8d69a27a
0x8caff995c1a057216f75b0f0aabd80b353e577e2,$RBOA-WONE,0x4c1d614d21e354b1c407dfb8b171adc72f0db127,0xcf664087a5bb0237a0bad6742852ec6c8d69a27a
0xedda274fada21022242e1e9096d717a96603f420,WONE-BOSS,0xcf664087a5bb0237a0bad6742852ec6c8d69a27a,0xe7bbe0e193fdfe95d2858f5c46d036065f8f735c
0x83383ad39ff462cd665d73c19871ffbb113465fd,Susuwatari-WONE,0x79e74534feb377118b2b34a266ca93f255443b14,0xcf664087a5bb0237a0bad6742852ec6c8d69a27a
0x0e01d2d3d3208f766006965388a700a8a58bdc30,test-WONE,0x75012e6e9fb102be4e759db9a9b7ffa25e0b2299,0xcf664087a5bb0237a0bad6742852ec6c8d69a27a
0x34a6173cb17d3490511601fafbc66bccc68a31d8,HFLOKI-WONE,0x29e8cf34c0678668b7eabc2face95a908182f23f,0xcf664087a5bb0237a0bad6742852ec6c8d69a27a
0xf7773fbef838597a1050c5afaad3790a186070a7,TC-WONE,0xa243963c5bd726ac43fa1d061caf7ccce4641bc4,0xcf664087a5bb0237a0bad6742852ec6c8d69a27a
0x505c4d68a596b8c1dbd1b2cd85af0fc155be3b48,VENOM-LP-WONE,0xa0377f9fd3de5dfefec34ae4807e9f2b9c56d534,0xcf664087a5bb0237a0bad6742852ec6c8d69a27a
0xa0c31fce0d5d418132fcd1ce91317135d5748dc6,WONE-LAZR,0xcf664087a5bb0237a0bad6742852ec6c8d69a27a,0xed2a4e1577f7c90d84915250278b685bd6e498b3
0xca3680580e01bd12cc86818fff62eda2d255677c,VINCI-WONE,0xb8e0497018c991e86311b64efd9d57b06aedbbae,0xcf664087a5bb0237a0bad6742852ec6c8d69a27a
0x174c0a18625ffac86f2ab0d49b181e8d6bee47f0,TNU-WONE,0x0ba778cd8e3642eb9a3d237b0e8bf6e586bc2006,0xcf664087a5bb0237a0bad6742852ec6c8d69a27a
0x536e3dc2903c56f2f612ab63fcf8429f52de0761,CATEONE-WONE,0xc5a89f23c75ebe176c345e0d87e8c7fce012e06e,0xcf664087a5bb0237a0bad6742852ec6c8d69a27a
0x604d0b7aa1a6b746e4ff098eacfcbad833768a45,BabyOne-WONE,0x2e6a691577aaecb3adc9dcf975f02737d60917ad,0xcf664087a5bb0237a0bad6742852ec6c8d69a27a
0x540643c0a522c455ea2c59a2c526fbc9fd331b82,SHIB-WONE,0x3f1a9ff6ca891bc30e815390097a1d94f9812171,0xcf664087a5bb0237a0bad6742852ec6c8d69a27a
0x7935dd18eb47878c673da50e994290382202be4a,STEST-WONE,0x6058c4ac419fa0d76c9ddc65ec765da8e9238518,0xcf664087a5bb0237a0bad6742852ec6c8d69a27a
0xef5e22f3866807ef8345b36cfc05e221240460b3,OpenX-WONE,0x01a4b054110d57069c1658afbc46730529a3e326,0xcf664087a5bb0237a0bad6742852ec6c8d69a27a
0xf93e16936fad18e415b1a06238d240dac0cdce10,TSS-WONE,0x3badab69ed0f28fe7ec06c1387f9a0f0458d6527,0xcf664087a5bb0237a0bad6742852ec6c8d69a27a
0xb8f4c06dd0c2f9eb5e67b4faa2d56ff3543d6765,WAGMI-1DAI,0x0dc78c79b4eb080ead5c1d16559225a46b580694,0xef977d2f931c1978db5f6747666fa1eacb0d0339
0xdb982207a293d14e7229c15d88ee97cae5050f8e,USE-WONE,0xc079d0385492ac2d0e89ca079c186dd71ef49b1e,0xcf664087a5bb0237a0bad6742852ec6c8d69a27a
0xe808fa8645c46d309547c41199bc9093bf9b876f,WONE-Hermes,0xcf664087a5bb0237a0bad6742852ec6c8d69a27a,0xf2111cd2b93e5257475f5add6528554d9f09f6e3
0x549f26c652c2ebf4b322936a2949b4d05a67ff82,ONEMOON-WONE,0xcb35e4945c7f463c5ccbe3bf9f0389ab9321248f,0xcf664087a5bb0237a0bad6742852ec6c8d69a27a
0x1cb93763241e0eee22b098f7d26baa0562f688e7,wsWAGMI-WONE,0xbb948620fa9cd554ef9a331b13edea9b181f9d45,0xcf664087a5bb0237a0bad6742852ec6c8d69a27a
0xf170016d63fb89e1d559e8f87a17bcc8b7cd9c00,1USDC-WONE,0x985458e523db3d53125813ed68c274899e9dfab4,0xcf664087a5bb0237a0bad6742852ec6c8d69a27a
0x5f8467d0f282e5ae12b2b297c3afafe98fd164f1,XMN-WONE,0xc4c28a1e0e6f230d92abb226ef376cd672f23dc2,0xcf664087a5bb0237a0bad6742852ec6c8d69a27a
0xcd16f5fd5ba78d16d2a1f08ba79f74d16a45dca1,rfUST-WONE,0x971803c316d80ee490156af78e8eb5067edb73ac,0xcf664087a5bb0237a0bad6742852ec6c8d69a27a
0xdcab6ca557999f584f670539e023b22aaf4c7c51,WONE-VENOM-LP,0xcf664087a5bb0237a0bad6742852ec6c8d69a27a,0xd302166217cd90d398ffd7ba75e51dd99fe66fde
0x1ab42d0dc31881eb09ce89df05ecdf081ecf150d,anyBTC-WONE,0x03732a1b4297ec285999402a9129cfad62a65463,0xcf664087a5bb0237a0bad6742852ec6c8d69a27a
0x2b93eef41483309db47e3e42cd94dab6776c5a22,FLOKI-WONE,0x24b6179e4062ed9baeace0e6081dbd55b6072380,0xcf664087a5bb0237a0bad6742852ec6c8d69a27a
0x72d1232225fe8baf4cd927609854f94154fde276,CS-WONE,0x15cb7c8846c343bc7d70875d8e5a5dc5eebb5219,0xcf664087a5bb0237a0bad6742852ec6c8d69a27a
0xd7e332b4c9f97ea6d05db8c38f133307ad8847f3,WAGMI-UST,0x0dc78c79b4eb080ead5c1d16559225a46b580694,0x224e64ec1bdce3870a6a6c777edd450454068fec
0x96025483bd32c645b822a5a08004b84d674537cb,WONE-VIPER,0xcf664087a5bb0237a0bad6742852ec6c8d69a27a,0xea589e93ff18b1a1f1e9bac7ef3e86ab62addc79
0x80e17fe948935be61d28522ef4550e4e7f68818e,uGRAM-WONE,0x1cc3d1d4039f77261eb6e0b21ba12b92e1a6b16d,0xcf664087a5bb0237a0bad6742852ec6c8d69a27a
0xaa2662917e17fa490cf5c2567c1ee2d882ec7c57,DSR-WONE,0x3c8f56100b9d3946b3baeb6ec8aeece932299ede,0xcf664087a5bb0237a0bad6742852ec6c8d69a27a
0x02f09f10dccddff8ac514ee507836c5c61027379,WONE-RAVE,0xcf664087a5bb0237a0bad6742852ec6c8d69a27a,0xf9f0724ceb8671390bc422003628cb230d513702
0xfab84f0c4f043af11f51e028183baec9c554b008,des-WONE,0x34b479b7c1e30fce624f818db53db6607f95b2d6,0xcf664087a5bb0237a0bad6742852ec6c8d69a27a
0xf5fa331e8db952a214e2fbf4f6f7c69bed88914f,HYPERMATIC-WONE,0x5e701e48993ca47b1b4825bd36b7ab25d792498e,0xcf664087a5bb0237a0bad6742852ec6c8d69a27a
0xbab9f8fcd5f9920e4ce344d0314fc51da0d4c57f,WONE-JS,0xcf664087a5bb0237a0bad6742852ec6c8d69a27a,0xf91f0ad3a5fec865bc8b1b7ecae3803880b66efb
